time_pair,lower,upper,EI_lower_spot,EI_upper_natural,EI_gain_natural
11.5->12.5,spot,seurat_k150,0.8584988116735808,0.9833142972532878,0.12481548557970701
11.5->12.5,spot,seurat_k40,0.8584988116735808,1.7762502458793783,0.9177514342057975
11.5->12.5,seurat_k150,seurat_k40,0.9833142972532878,1.7762502458793783,0.7929359486260905
12.5->13.5,spot,seurat_k150,0.3609979077803622,0.2961741221311618,-0.06482378564920044
12.5->13.5,spot,seurat_k40,0.3609979077803622,1.0274719170417663,0.6664740092614041
12.5->13.5,seurat_k150,seurat_k40,0.2961741221311618,1.0274719170417663,0.7312977949106045
13.5->14.5,spot,seurat_k150,0.02030144754181329,0.3173219252794466,0.2970204777376333
13.5->14.5,spot,seurat_k40,0.02030144754181329,0.8375393576764809,0.8172379101346676
13.5->14.5,seurat_k150,seurat_k40,0.3173219252794466,0.8375393576764809,0.5202174323970343
